Feature,Gain,Normalized Gain,Weight,Normalized Weight,Cover,Normalized Cover,Gain Rank,Feature family
V258,7029.88232421875,0.19786680497713213,77.0,0.0016878562034195529,46583.53515625,0.03132609172203257,1,Anonymous V
V69,1682.0789794921875,0.047344689148591426,97.0,0.002126260412099956,9603.6337890625,0.006458168362102497,2,Anonymous V
V318,1100.4334716796875,0.030973385483426447,109.0,0.0023893029373081983,8061.16552734375,0.005420902682654749,3,Anonymous V
V201,880.9522094726562,0.024795749201288575,19.0,0.00041648399824638317,16182.59375,0.010882330300019673,4,Anonymous V
V90,587.5165405273438,0.016536552872993143,101.0,0.002213941253836037,6742.0625,0.004533843718864684,5,Anonymous V
V187,575.5576782226562,0.016199952377244028,44.0,0.0009644892590968873,26711.6171875,0.017962796667379575,6,Anonymous V
V29,500.28118896484375,0.014081180293673758,72.0,0.001578255151249452,7211.48095703125,0.004849514171775835,7,Anonymous V
V283,371.6894836425781,0.010461769796428308,145.0,0.0031784305129329243,5241.76806640625,0.0035249387295981692,8,Anonymous V
ProductCD_W,302.0676574707031,0.00850215686608909,24.0,0.000526085050416484,2169.48583984375,0.0014589170225196607,9,Product
V102,287.2243957519531,0.00808437053108741,45.0,0.0009864094695309076,13623.099609375,0.009161143877772235,10,Anonymous V
card6_credit,258.7226257324219,0.007282144560600144,250.0,0.0054800526085050415,9021.58203125,0.006066755243904267,11,Card
ProductCD_R,249.5929718017578,0.00702517646775114,86.0,0.0018851380973257342,16819.2890625,0.011310489641973077,12,Product
C5,236.81893920898438,0.006665631755729702,357.0,0.0078255151249452,5422.123046875,0.0036462222827192215,13,Count (C)
V296,228.58204650878906,0.006433791795064608,43.0,0.0009425690486628671,7070.87841796875,0.004754962995695082,14,Anonymous V
ProductCD_C,227.05438232421875,0.0063907933468206665,11.0,0.00024112231477422182,2646.131591796875,0.0017794476240405172,15,Product
V308,206.13153076171875,0.005801887644171831,182.0,0.00398947829899167,5785.0810546875,0.0038903011360274403,16,Anonymous V
ProductCD_H,197.7595977783203,0.005566246767908399,68.0,0.0014905743095133712,5848.5234375,0.003932964319411495,17,Product
C1,197.17247009277344,0.005549721159954401,1170.0,0.025646646207803596,6217.740234375,0.00418125202890856,18,Count (C)
C13,193.59645080566406,0.005449068620090504,1436.0,0.03147742218325296,3839.36279296875,0.0025818613938011015,19,Count (C)
V141,189.73623657226562,0.005340416978190554,2.0,4.3840420868040336e-05,59857.8984375,0.04025272041831406,20,Anonymous V
V149,188.9110107421875,0.005317189733287802,33.0,0.0007233669443226654,39148.41796875,0.02632618859749617,21,Anonymous V
V312,179.7919158935547,0.005060518841974849,170.0,0.003726435773783428,3453.40185546875,0.0023223137298315818,22,Anonymous V
id_17,176.38333129882812,0.004964579007970904,66.0,0.001446733888645331,9611.2119140625,0.006463264433880535,23,Identity
V133,175.60690307617188,0.004942725246467415,94.0,0.0020604997807978954,4485.7724609375,0.003016553361271519,24,Anonymous V
EmailMatch,170.648193359375,0.004803154766732437,94.0,0.0020604997807978954,4041.551513671875,0.0027178275111999165,25,Email
card3,164.1863555908203,0.004621276445791044,214.0,0.004690925032880316,11407.3330078125,0.007671104369985963,26,Card
V45,154.62643432617188,0.004352197819829955,74.0,0.0016220955721174923,10345.875,0.006957304294480979,27,Anonymous V
M4_M2,151.5802459716797,0.00426645818305319,62.0,0.0013590530469092504,6253.93310546875,0.0042055906969757995,28,Match flag (M)
V197,150.70338439941406,0.00424177757110131,12.0,0.000263042525208242,3900.008544921875,0.0026226439231188735,29,Anonymous V
V47,146.34083557128906,0.004118986952657529,44.0,0.0009644892590968873,23704.923828125,0.015940881592882046,30,Anonymous V
V311,141.5570526123047,0.003984340054438862,85.0,0.001863217886891714,6836.25390625,0.004597184738856355,31,Anonymous V
V92,137.98928833007812,0.0038839198643307498,7.0,0.00015344147303814117,2656.688232421875,0.0017865466621746146,32,Anonymous V
D2,132.332763671875,0.003724708314297101,628.0,0.013765892152564664,4737.31591796875,0.0031857091237229413,33,Time delta (D)
V83,130.4098663330078,0.003670585423586699,138.0,0.003024989039894783,13561.521484375,0.009119734354313989,34,Anonymous V
V67,129.3898162841797,0.003641874552654614,77.0,0.0016878562034195529,15770.10546875,0.010604943757985897,35,Anonymous V
V188,122.84722137451172,0.003457723198289018,7.0,0.00015344147303814117,171.88076782226562,0.0001155848880939057,36,Anonymous V
IsMobile,122.79303741455078,0.0034561981077478087,57.0,0.0012494519947391495,2056.801025390625,0.001383139715765276,37,Engineered / other
V62,119.68643951416016,0.003368758151778521,153.0,0.0033537921964050853,5668.37646484375,0.003811820645580227,38,Anonymous V
C9,119.52556610107422,0.00336423012317363,428.0,0.009381850065760632,4435.298828125,0.0029826112904148285,39,Count (C)
id_34_match_status:2,118.84050750732422,0.0033449480998173566,9.0,0.0001972818939061815,6124.7470703125,0.004118716792431278,40,Identity
V285,118.39781951904297,0.0033324879683666216,131.0,0.002871547566856642,2574.600341796875,0.0017313449094016305,41,Anonymous V
id_36_F,116.4050521850586,0.003276398479630819,23.0,0.0005041648399824639,14726.0126953125,0.009902821304691877,42,Identity
V261,114.82708740234375,0.0032319842440117438,35.0,0.0007672073651907058,18086.013671875,0.012162325621503994,43,Anonymous V
id_01,112.70321655273438,0.003172204646030639,266.0,0.005830775975449364,4436.53271484375,0.0029834410438544616,44,Identity
V54,112.40593719482422,0.003163837263189437,102.0,0.002235861464270057,4831.5166015625,0.0032490563824622786,45,Anonymous V
M5_F,111.89970397949219,0.00314958855399754,256.0,0.005611573871109163,5545.587890625,0.003729248850084408,46,Match flag (M)
V320,111.44866943359375,0.0031368934958990883,107.0,0.002345462516440158,5272.7568359375,0.0035457777885796907,47,Anonymous V
V262,109.15570068359375,0.0030723543785212836,10.0,0.00021920210434020167,6820.9775390625,0.004586911819935755,48,Anonymous V
V166,107.51171875,0.003026081989078908,41.0,0.0008987286277948269,11757.9541015625,0.007906887002318414,49,Anonymous V
id_09,105.70858001708984,0.002975329887755349,64.0,0.0014028934677772908,23960.384765625,0.016112671748624397,50,Identity
id_32,102.64117431640625,0.0028889930562735564,19.0,0.00041648399824638317,632.4780883789062,0.00042532337965069984,51,Identity
V286,101.97964477539062,0.00287037329414357,8.0,0.00017536168347216134,1322.23291015625,0.0008891637202396279,52,Anonymous V
M6_F,101.03978729248047,0.0028439195658021147,249.0,0.0054581323980710215,3626.705810546875,0.00243885567054859,53,Match flag (M)
V48,100.91130065917969,0.002840303112717842,136.0,0.0029811486190267425,5045.17724609375,0.0033927370397057537,54,Anonymous V
V61,99.9769287109375,0.0028140037831512568,110.0,0.0024112231477422183,1347.124267578125,0.0009059024444061843,55,Anonymous V
V303,99.61155700683594,0.0028037198369363163,41.0,0.0008987286277948269,7120.3203125,0.004788211252140239,56,Anonymous V
M3_F,98.31539154052734,0.0027672372746810974,96.0,0.002104340201665936,12348.18359375,0.008303799412407015,57,Match flag (M)
V2,98.05900573730469,0.00276002090356911,17.0,0.0003726435773783428,25183.84375,0.016935412835880286,58,Anonymous V
V173,96.18598175048828,0.0027073017747381617,10.0,0.00021920210434020167,4395.65185546875,0.0029559498380848422,59,Anonymous V
V144,95.9678726196289,0.002701162759194359,21.0,0.0004603244191144235,5024.470703125,0.00337881248326946,60,Anonymous V
V55,93.3661117553711,0.0026279322148150194,57.0,0.0012494519947391495,8513.984375,0.005725410374214984,61,Anonymous V
V84,93.27629089355469,0.0026254040690896385,4.0,8.768084173608067e-05,9932.7958984375,0.006679520442727393,62,Anonymous V
V53,92.78932189941406,0.002611697580908239,139.0,0.0030469092503288032,2335.7841796875,0.0015707478878606762,63,Anonymous V
V143,91.73434448242188,0.0025820036257044486,67.0,0.001468654099079351,10072.25390625,0.006773301954359195,64,Anonymous V
V59,90.88837432861328,0.0025581925000383128,23.0,0.0005041648399824639,1376.6485595703125,0.0009257566842330483,65,Anonymous V
V301,90.77734375,0.002555067374348899,10.0,0.00021920210434020167,2782.017822265625,0.00187082721782075,66,Anonymous V
card4_discover,88.86629486083984,0.002501277976402577,51.0,0.0011179307321350284,13138.1767578125,0.008835047164089947,67,Card
V87,88.68556213378906,0.002496190976989636,114.0,0.002498903989478299,9013.3759765625,0.006061236907415754,68,Anonymous V
V164,88.39987182617188,0.00248814978571871,86.0,0.0018851380973257342,10042.5693359375,0.006753339931957515,69,Anonymous V
V76,87.95399475097656,0.0024755998925323755,99.0,0.0021701008329679966,5592.72900390625,0.0037609498971082947,70,Anonymous V
V309,87.92977905273438,0.002474918304616606,77.0,0.0016878562034195529,4454.22509765625,0.0029953386640094518,71,Anonymous V
V82,87.21902465820312,0.0024549130335916767,115.0,0.002520824199912319,8648.4990234375,0.005815867618406009,72,Anonymous V
V289,86.89515686035156,0.002445797278385491,25.0,0.0005480052608505041,1625.3134765625,0.0010929767110433957,73,Anonymous V
M4_M1,85.74571990966797,0.0024134446149318115,112.0,0.0024550635686102587,6329.4951171875,0.004256403983298173,74,Match flag (M)
V324,85.35911560058594,0.0024025630445298554,17.0,0.0003726435773783428,2224.999755859375,0.0014962485393124852,75,Anonymous V
V195,85.06598663330078,0.002394312480789529,2.0,4.3840420868040336e-05,502.73846435546875,0.0003380772024658209,76,Anonymous V
V180,84.17149353027344,0.002369135602399922,11.0,0.00024112231477422182,5014.39453125,0.0033720365465934547,77,Anonymous V
D3,83.7711410522461,0.002357867068726316,408.0,0.008943445857080227,5481.80126953125,0.0036863541763264146,78,Time delta (D)
V161,83.46577453613281,0.0023492720604312025,23.0,0.0005041648399824639,10823.943359375,0.007278791558703208,79,Anonymous V
V38,82.8175277709961,0.0023310261623722163,90.0,0.001972818939061815,7194.5908203125,0.004838156039116419,80,Anonymous V
V208,82.76226806640625,0.002329470793350817,34.0,0.0007452871547566856,1482.6639404296875,0.0009970489881255627,81,Anonymous V
V6,82.42230987548828,0.002319902149387745,22.0,0.00048224462954844365,8893.5078125,0.005980629004014294,82,Anonymous V
V140,82.05311584472656,0.0023095106179346816,25.0,0.0005480052608505041,4279.92822265625,0.002878129013114567,83,Anonymous V
V189,80.97348022460938,0.002279122619837454,30.0,0.000657606313020605,3602.347900390625,0.002422475674372852,84,Anonymous V
V20,80.9383316040039,0.002278133308076915,96.0,0.002104340201665936,3502.903076171875,0.0023556018814262897,85,Anonymous V
V99,80.7353286743164,0.0022724194797017396,76.0,0.0016659359929855327,2934.037109375,0.001973055829615305,86,Anonymous V
V172,80.73048400878906,0.002272283119170387,17.0,0.0003726435773783428,7586.20849609375,0.005101507697386749,87,Anonymous V
id_15_Found,80.67205810546875,0.002270638632636371,34.0,0.0007452871547566856,1912.9376220703125,0.0012863957019685639,88,Identity
V115,80.433349609375,0.0022639198164080758,12.0,0.000263042525208242,4291.35107421875,0.002885810553267623,89,Anonymous V
V281,80.16289520263672,0.0022563074629026797,86.0,0.0018851380973257342,4849.7216796875,0.0032612987755146227,90,Anonymous V
P_emaildomain_Frequency,80.0910415649414,0.0022542850322187728,668.0,0.014642700569925471,4665.7587890625,0.0031375890062616163,91,Email
V19,80.04205322265625,0.0022529061802946523,70.0,0.0015344147303814116,4443.8759765625,0.0029883791768099974,92,Anonymous V
V106,78.85456848144531,0.0022194826035026156,6.0,0.000131521262604121,6347.76806640625,0.004268692017715024,93,Anonymous V
V205,78.47967529296875,0.0022089306605268433,34.0,0.0007452871547566856,1859.3685302734375,0.0012503720236997037,94,Anonymous V
D1,78.2418212890625,0.0022022358952899046,859.0,0.018829460762823325,2362.062255859375,0.0015884191406257912,95,Time delta (D)
V12,77.9875259399414,0.002195078363210344,76.0,0.0016659359929855327,834.1207885742188,0.0005609223139138326,96,Anonymous V
D10,77.98680114746094,0.0021950579628158893,866.0,0.018982902235861465,2479.17529296875,0.001667174300147897,97,Time delta (D)
V315,77.55332946777344,0.002182857238486216,176.0,0.003857957036387549,4260.86181640625,0.002865307401594667,98,Anonymous V
CardID_Frequency,76.66249084472656,0.002157783221032858,2655.0,0.05819815870232354,3124.45751953125,0.0021011080955992754,99,Card
V248,76.63623809814453,0.0021570442972716217,25.0,0.0005480052608505041,756.5656127929688,0.0005087686819086017,100,Anonymous V
V231,76.30730438232422,0.00214778595404525,12.0,0.000263042525208242,592.6411743164062,0.0003985341971711222,101,Anonymous V
V24,76.19654083251953,0.0021446683442906352,39.0,0.0008548882069267865,3714.38330078125,0.002497816268790588,102,Anonymous V
V51,76.09239196777344,0.0021417369149780404,21.0,0.0004603244191144235,1055.9697265625,0.0007101093637275906,103,Anonymous V
TransactionAmt,75.853271484375,0.0021350065027360555,2377.0,0.05210434020166593,3498.248046875,0.002352471507695882,104,Transaction
V194,75.34283447265625,0.002120639471256323,2.0,4.3840420868040336e-05,173.66116333007812,0.00011678215302436142,105,Anonymous V
id_15_Unknown,75.19849395751953,0.002116576786385986,13.0,0.00028496273564226215,1657.329345703125,0.001114506465062617,106,Identity
V66,75.1698989868164,0.002115771937139513,44.0,0.0009644892590968873,5173.6142578125,0.0034791072474649972,107,Anonymous V
card5,75.13557434082031,0.002114805817406353,767.0,0.016812801402893467,3399.421142578125,0.0022860132481794166,108,Card
V282,74.56622314453125,0.002098780555968973,64.0,0.0014028934677772908,2307.374267578125,0.0015516430365528475,109,Anonymous V
D15,74.42509460449219,0.002094808277057217,1144.0,0.02507672073651907,2250.06787109375,0.0015131061280398439,110,Time delta (D)
V78,73.94325256347656,0.0020812460948239583,115.0,0.002520824199912319,2177.77392578125,0.00146449052267175,111,Anonymous V
D8,73.84963989257812,0.002078611222824432,426.0,0.00933800964489259,5082.16162109375,0.0034176079714554795,112,Time delta (D)
V209,73.49018859863281,0.002068493915621034,26.0,0.0005699254712845243,1600.20654296875,0.0010760930180823802,113,Anonymous V
V148,73.28083801269531,0.0020626014227386378,5.0,0.00010960105217010084,171.6046905517578,0.00011539923404533923,114,Anonymous V
V63,73.02583312988281,0.0020554239197466107,33.0,0.0007233669443226654,3018.18798828125,0.0020296448828562154,115,Anonymous V
V329,72.78353881835938,0.002048604175251015,3.0,6.57606313020605e-05,815.721923828125,0.0005485496049151666,116,Anonymous V
V37,72.65057373046875,0.002044861669203114,51.0,0.0011179307321350284,4097.892578125,0.0027557152616004728,117,Anonymous V
V310,72.5406494140625,0.0020417676809578672,296.0,0.006488382288469969,2790.982177734375,0.0018768554898422067,118,Anonymous V
V288,72.33966064453125,0.002036110544205176,18.0,0.000394563787812363,2740.99560546875,0.001843240953238003,119,Anonymous V
ProductCD_S,72.2672348022461,0.0020340720079466998,24.0,0.000526085050416484,1871.9501953125,0.0012588328326895658,120,Product
V15,72.08058166503906,0.002028818369522216,15.0,0.0003288031565103025,3130.18017578125,0.002104956417844031,121,Anonymous V
V136,71.77337646484375,0.0020201716086474864,92.0,0.0020166593599298555,5584.4091796875,0.0037553550538720836,122,Anonymous V
V5,71.3444595336914,0.0020080990846913843,80.0,0.0017536168347216134,6227.9208984375,0.004188098233584598,123,Anonymous V
V230,71.1070556640625,0.002001416989173107,20.0,0.00043840420868040335,539.7395629882812,0.00036295938037910337,124,Anonymous V
V323,70.9291000366211,0.001996408155482076,35.0,0.0007672073651907058,997.4176635742188,0.0006707347802071933,125,Anonymous V
D4,70.91102600097656,0.001995899434066682,888.0,0.01946514686540991,2525.148193359375,0.0016980897574985262,126,Time delta (D)
TransactionDT,70.52587127685547,0.001985058664453635,2860.0,0.06269180184129768,3234.447998046875,0.0021750735386892772,127,Transaction
V9,70.2686996459961,0.001977820175019239,6.0,0.000131521262604121,236.4069061279297,0.00015897686597303822,128,Anonymous V
V97,70.23432922363281,0.001976852766840114,16.0,0.0003507233669443227,1818.4229736328125,0.0012228373108739896,129,Anonymous V
V129,69.65380096435547,0.001960512909846148,41.0,0.0008987286277948269,5098.14892578125,0.003428358975460411,130,Anonymous V
DeviceInfo_Frequency,69.52204895019531,0.0019568045476163337,349.0,0.0076501534414730385,5381.8857421875,0.003619163849024567,131,Device
P_EmailProvider_Frequency,68.91253662109375,0.0019396488895851872,606.0,0.013283647523016221,4216.20947265625,0.0028352799807210807,132,Email
D13,68.80180358886719,0.0019365321387945493,97.0,0.002126260412099956,9055.2353515625,0.00608938613688661,133,Time delta (D)
V314,68.76471710205078,0.001935488282821469,170.0,0.003726435773783428,3502.138671875,0.0023550878414540914,134,Anonymous V
V26,68.72203826904297,0.0019342870216995985,43.0,0.0009425690486628671,7061.81298828125,0.004748866754159575,135,Anonymous V
M2_F,68.35535430908203,0.001923966140033646,56.0,0.0012275317843051293,1935.6453857421875,0.001301666021947531,136,Match flag (M)
V162,68.13938903808594,0.001917887466709229,8.0,0.00017536168347216134,10774.1884765625,0.007245332826613095,137,Anonymous V
card1,67.97857666015625,0.001913361156032292,2440.0,0.053485313459009205,3419.83349609375,0.002299739970643657,138,Card
M7_F,67.91814422607422,0.0019116601926167868,56.0,0.0012275317843051293,2468.566162109375,0.0016600399638362132,139,Match flag (M)
V280,67.72315216064453,0.001906171842285581,51.0,0.0011179307321350284,3174.0791015625,0.0021344771867360768,140,Anonymous V
UnknownDevice,67.7041244506836,0.0019056362782459055,56.0,0.0012275317843051293,694.5518798828125,0.00046706622462078153,141,Device
V56,67.6808853149414,0.0019049821771774003,66.0,0.001446733888645331,7364.31640625,0.004952291629187464,142,Anonymous V
D11,67.67156982421875,0.0019047199784234133,490.0,0.010740903112669882,2955.70068359375,0.0019876239621266605,143,Time delta (D)
R_emaildomain_Frequency,67.64804077148438,0.0019040577171971264,223.0,0.004888206926786497,2364.68017578125,0.0015901796167107109,144,Email
V124,67.51638793945312,0.0019003521466002375,51.0,0.0011179307321350284,5144.81298828125,0.003459739219512188,145,Anonymous V
R_EmailProvider_Frequency,67.36000061035156,0.0018959503856999691,119.0,0.0026085050416483997,7812.91259765625,0.005253959705494061,146,Email
id_14,67.15769958496094,0.0018902563134962657,118.0,0.0025865848312143797,5051.4169921875,0.003396933090044127,147,Identity
V96,66.74567413330078,0.0018786592261014472,75.0,0.0016440157825515125,2045.3529052734375,0.0013754411832337075,148,Anonymous V
card2,66.64270782470703,0.0018757610816429622,1800.0,0.0394563787812363,2783.080078125,0.0018715415544285543,149,Card
addr1,66.41651916503906,0.001869394655386242,2033.0,0.044563787812363,2514.39111328125,0.0016908559295793202,150,Address / distance
V307,66.22932434082031,0.0018641257703511662,401.0,0.008790004384042087,1294.237548828125,0.0008703376424459458,151,Anonymous V
dist1,65.92997741699219,0.0018557001927005207,838.0,0.0183691363437089,5275.2666015625,0.0035474655340010253,152,Address / distance
V215,65.81671905517578,0.001852512362640784,24.0,0.000526085050416484,1579.0322265625,0.0010618538974216433,153,Anonymous V
V25,65.10708618164062,0.0018325386585420107,18.0,0.000394563787812363,1303.3580322265625,0.0008764709060235254,154,Anonymous V
V10,64.8945541381836,0.0018265566186650094,82.0,0.0017974572555896537,4087.773681640625,0.002748910593849688,155,Anonymous V
V80,64.48167419433594,0.001814935480278834,15.0,0.0003288031565103025,7644.2685546875,0.005140551422058864,156,Anonymous V
V7,63.9661865234375,0.001800426290260904,26.0,0.0005699254712845243,7967.986328125,0.005358242342868997,157,Anonymous V
V158,63.59014892578125,0.0017898421361359931,6.0,0.000131521262604121,711.2423706054688,0.0004782901010721915,158,Anonymous V
V125,63.538143157958984,0.0017883783541486442,13.0,0.00028496273564226215,1930.142578125,0.0012979655416047121,159,Anonymous V
V35,63.51979064941406,0.0017878617946869603,73.0,0.0016001753616834721,3048.911865234375,0.0020503058091741037,160,Anonymous V
V223,63.19104766845703,0.0017786088199854449,15.0,0.0003288031565103025,3122.961181640625,0.0021001018512717107,161,Anonymous V
id_30_Frequency,62.9109001159668,0.001770723638046846,232.0,0.005085488820692679,5750.81103515625,0.003867255530502851,162,Identity
id_18,62.90823745727539,0.0017706486934398506,42.0,0.000920648838228847,1983.736572265625,0.0013340059659857294,163,Identity
V75,62.3170051574707,0.0017540075548309426,93.0,0.0020385795703638755,854.82470703125,0.0005748451054412469,164,Anonymous V
id_12_Found,62.155662536621094,0.0017494663196549048,4.0,8.768084173608067e-05,220.7472381591797,0.0001484461882672733,165,Identity
card6_debit,62.098182678222656,0.0017478484610041769,8.0,0.00017536168347216134,855.116943359375,0.0005750416259927389,166,Card
M9_F,61.855064392089844,0.0017410055244812014,56.0,0.0012275317843051293,4623.39599609375,0.0031091012426410726,167,Match flag (M)
V50,61.53441619873047,0.001731980389974592,10.0,0.00021920210434020167,5082.79736328125,0.003418035489848199,168,Anonymous V
V226,61.469993591308594,0.001730167117019091,16.0,0.0003507233669443227,1327.0595703125,0.0008924095108018644,169,Anonymous V
V322,60.37428665161133,0.001699326767017462,9.0,0.0001972818939061815,918.7939453125,0.0006178625840217263,170,Anonymous V
card4_american express,60.325958251953125,0.0016979664901893448,31.0,0.0006795265234546252,3621.582763671875,0.0024354105684161686,171,Card
V13,59.98810958862305,0.0016884572221111845,77.0,0.0016878562034195529,4552.6708984375,0.0030615406423388832,172,Anonymous V
V110,59.87525939941406,0.0016852808806946404,3.0,6.57606313020605e-05,11557.3017578125,0.00777195405436867,173,Anonymous V
id_33_Frequency,59.86790466308594,0.0016850738703761772,249.0,0.0054581323980710215,2145.702392578125,0.0014429233361665302,174,Identity
V313,59.69551467895508,0.0016802216902404561,251.0,0.0055019728189390615,4292.48193359375,0.002886571023772645,175,Anonymous V
D6,59.28092575073242,0.0016685524498715673,68.0,0.0014905743095133712,1272.7979736328125,0.0008559201428552204,176,Time delta (D)
V57,59.09674835205078,0.0016633684948997199,26.0,0.0005699254712845243,1631.59228515625,0.0010971990297929959,177,Anonymous V
V3,58.712615966796875,0.001652556500579903,24.0,0.000526085050416484,3514.002197265625,0.002363065722121302,178,Anonymous V
V198,58.666595458984375,0.0016512611829025481,5.0,0.00010960105217010084,804.7468872070312,0.0005411692074701926,179,Anonymous V
V36,58.288692474365234,0.0016406245246045415,79.0,0.0017316966242875932,1739.7388916015625,0.0011699245217842984,180,Anonymous V
card4_mastercard,58.17578125,0.0016374464652600435,142.0,0.0031126698816308636,1347.7672119140625,0.0009063348060372238,181,Card
V23,58.04962158203125,0.001633895508179019,35.0,0.0007672073651907058,5046.41650390625,0.00339357040505193,182,Anonymous V
V246,57.9865608215332,0.0016321205664909925,6.0,0.000131521262604121,193.72979736328125,0.00013027773399200033,183,Anonymous V
V130,57.50651931762695,0.001618609063132378,186.0,0.004077159140727751,2656.835693359375,0.0017866458254269966,184,Anonymous V
id_06,57.37066650390625,0.0016147852776181508,261.0,0.005721174923279264,4030.62060546875,0.00271047678885075,185,Identity
V316,57.32056427001953,0.001613375073508869,71.0,0.0015563349408154318,7858.27734375,0.005284466196517399,186,Anonymous V
V300,56.916770935058594,0.001602009691646853,20.0,0.00043840420868040335,1783.2650146484375,0.0011991945915266963,187,Anonymous V
V227,56.58658218383789,0.001592716023526926,7.0,0.00015344147303814117,523.0392456054688,0.00035172889578049404,188,Anonymous V
V94,56.38539505004883,0.001587053303508384,19.0,0.00041648399824638317,9756.8916015625,0.006561229846710518,189,Anonymous V
V185,56.377864837646484,0.001586841354147053,3.0,6.57606313020605e-05,236.6966094970703,0.00015917168318223973,190,Anonymous V
V44,56.36106872558594,0.0015863686018481973,59.0,0.0012932924156071899,1369.3878173828125,0.0009208740432962293,191,Anonymous V
id_34_match_status:0,55.97295379638672,0.0015754445127293785,1.0,2.1920210434020168e-05,186.48056030273438,0.00012540282992317547,192,Identity
V77,55.359676361083984,0.0015581828800175666,55.0,0.0012056115738711091,6925.818359375,0.004657414265538187,193,Anonymous V
V176,54.52708435058594,0.0015347483026848594,15.0,0.0003288031565103025,194.44639587402344,0.00013075962594374005,194,Anonymous V
V326,54.30495834350586,0.0015284962260075806,6.0,0.000131521262604121,3264.11328125,0.002195022591062914,195,Anonymous V
V184,54.02033233642578,0.001520484991105353,10.0,0.00021920210434020167,16205.333984375,0.010897622455615473,196,Anonymous V
id_34_match_status:1,53.766136169433594,0.0015133302506587173,19.0,0.00041648399824638317,2613.92626953125,0.001757790468226845,197,Identity
D5,53.28993225097656,0.0014999267620202138,363.0,0.00795703638754932,3980.6376953125,0.002676864714910099,198,Time delta (D)
V319,52.940284729003906,0.0014900853969944357,32.0,0.0007014467338886454,9140.2001953125,0.006146522558146463,199,Anonymous V
V224,52.85469436645508,0.00148767632515037,34.0,0.0007452871547566856,1789.1324462890625,0.0012031402710705622,200,Anonymous V
V293,52.72869110107422,0.001484129770259728,26.0,0.0005699254712845243,7234.19775390625,0.0048647905663248975,201,Anonymous V
V86,52.71388244628906,0.001483712957989876,71.0,0.0015563349408154318,2263.6162109375,0.0015222169981187893,202,Anonymous V
V126,52.51177978515625,0.0014780244690520234,74.0,0.0016220955721174923,1622.169189453125,0.001090862268117192,203,Anonymous V
V109,52.49265670776367,0.0014774862207499195,7.0,0.00015344147303814117,223.165771484375,0.00015007258258285577,204,Anonymous V
id_05,52.424312591552734,0.0014755625709233706,271.0,0.005940377027619465,7296.2236328125,0.004906501191446834,205,Identity
D7,52.36511993408203,0.001473896502919432,65.0,0.001424813678211311,8827.2666015625,0.0059360836889658245,206,Time delta (D)
V116,52.329437255859375,0.0014728921592892946,1.0,2.1920210434020168e-05,126.76002502441406,8.524248229085238e-05,207,Anonymous V
V131,51.77978515625,0.0014574213590990844,90.0,0.001972818939061815,3708.6201171875,0.002493940693069184,208,Anonymous V
V266,51.20244216918945,0.0014411711564702204,59.0,0.0012932924156071899,6415.98291015625,0.004314564544240738,209,Anonymous V
V42,50.66678237915039,0.0014260941912634763,13.0,0.00028496273564226215,1833.769775390625,0.0012331575950235833,210,Anonymous V
V175,50.596927642822266,0.0014241280227200645,6.0,0.000131521262604121,837.4159545898438,0.0005631382185784004,211,Anonymous V
V260,50.39916229248047,0.0014185616140374464,9.0,0.0001972818939061815,3796.979248046875,0.0025533596750870933,212,Anonymous V
V245,50.38421630859375,0.0014181409364296981,22.0,0.00048224462954844365,385.3294677734375,0.0002591230186842782,213,Anonymous V
id_02,50.29056167602539,0.0014155048833547033,610.0,0.013371328364752301,3466.0966796875,0.002330850635125217,214,Identity
M8_F,50.18369674682617,0.0014124970062481534,70.0,0.0015344147303814116,2406.261962890625,0.0016181421762842848,215,Match flag (M)
V242,50.131107330322266,0.0014110167965747438,13.0,0.00028496273564226215,742.8934936523438,0.0004995745738015807,216,Anonymous V
V335,49.80085754394531,0.0014017214105268628,21.0,0.0004603244191144235,11105.2255859375,0.007467945790976888,217,Anonymous V
V271,49.760738372802734,0.0014005921950085655,25.0,0.0005480052608505041,7314.64794921875,0.00491889101595719,218,Anonymous V
V139,49.64921188354492,0.001397453111154525,40.0,0.0008768084173608067,1506.010498046875,0.0010127488787168761,219,Anonymous V
id_31_Frequency,49.5607795715332,0.0013949640482900985,477.0,0.01045594037702762,1936.453369140625,0.0013022093676160044,220,Identity
V290,49.51015853881836,0.0013935392417932073,22.0,0.00048224462954844365,2856.051025390625,0.0019206124241987264,221,Anonymous V
id_37_F,49.36278533935547,0.0013893911973776529,31.0,0.0006795265234546252,2058.927490234375,0.001384569702401446,222,Identity
V275,49.104698181152344,0.0013821269390239463,23.0,0.0005041648399824639,1923.098876953125,0.001293228854527773,223,Anonymous V
V177,48.97175598144531,0.001378385077199028,13.0,0.00028496273564226215,222.98275756835938,0.000149949510971818,224,Anonymous V
dist2,48.89275360107422,0.0013761614342035027,168.0,0.003682595352915388,5198.52587890625,0.0034958595983698776,225,Address / distance
id_20,48.616058349609375,0.0013683734225648047,525.0,0.011508110477860588,4157.0771484375,0.002795515188160785,226,Identity
V46,48.486331939697266,0.0013647220740689654,17.0,0.0003726435773783428,566.4415893554688,0.0003809157274948164,227,Anonymous V
V220,48.054039001464844,0.0013525545272229048,14.0,0.00030688294607628233,3850.008544921875,0.00258902035674831,228,Anonymous V
V287,47.9547119140625,0.0013497588142186803,21.0,0.0004603244191144235,810.1716918945312,0.0005448172330793425,229,Anonymous V
V259,47.79843521118164,0.0013453601670628287,13.0,0.00028496273564226215,5411.826171875,0.0036392979295197837,230,Anonymous V
V267,46.84165573120117,0.0013184301431961125,30.0,0.000657606313020605,2526.316650390625,0.0016988755113493538,231,Anonymous V
id_35_F,46.832576751708984,0.0013181746014129473,8.0,0.00017536168347216134,891.600830078125,0.0005995759937236188,232,Identity
V279,46.8268928527832,0.0013180146193722262,28.0,0.0006137658921525647,3143.688232421875,0.0021140401986238988,233,Anonymous V
V128,46.681339263916016,0.001313917790683802,75.0,0.0016440157825515125,626.9326782226562,0.00042159425032188655,234,Anonymous V
V169,46.64906692504883,0.0013130094362780974,17.0,0.0003726435773783428,958.4052124023438,0.0006445000253820756,235,Anonymous V
D12,46.43815231323242,0.0013070729214918783,36.0,0.000789127575624726,5657.82763671875,0.003804726861128375,236,Time delta (D)
id_38_F,46.27788162231445,0.0013025618574255336,31.0,0.0006795265234546252,1172.1123046875,0.0007882119174082754,237,Identity
card4_visa,45.8673095703125,0.0012910056781901208,76.0,0.0016659359929855327,878.5792846679688,0.000590819377796705,238,Card
V299,45.6186408996582,0.0012840065175938238,11.0,0.00024112231477422182,1074.8575439453125,0.000722810879354912,239,Anonymous V
V4,45.32630157470703,0.0012757781795464031,44.0,0.0009644892590968873,3908.890380859375,0.002628616703121613,240,Anonymous V
V206,44.633243560791016,0.0012562710002576517,23.0,0.0005041648399824639,3107.189208984375,0.0020894956518836684,241,Anonymous V
V332,44.55255126953125,0.0012539997921318987,45.0,0.0009864094695309076,1798.7274169921875,0.001209592613755765,242,Anonymous V
V135,44.51460647583008,0.0012529317777969643,36.0,0.000789127575624726,4614.287109375,0.0031029757774980763,243,Anonymous V
V297,44.33364486694336,0.001247838336154196,4.0,8.768084173608067e-05,22071.40234375,0.014842385231929578,244,Anonymous V
id_11,44.32819366455078,0.0012476849037137997,53.0,0.0011617711530030688,6754.275390625,0.0045420565376348065,245,Identity
M4_M0,44.31354904174805,0.0012472727083753246,106.0,0.0023235423060061376,1235.872802734375,0.0008310890241662605,246,Match flag (M)
V291,43.867794036865234,0.0012347262510448984,98.0,0.002148180622533976,987.5714111328125,0.0006641134577578944,247,Anonymous V
id_15_New,43.707759857177734,0.0012302218439493755,53.0,0.0011617711530030688,4906.5341796875,0.0032995035528031753,248,Identity
V123,43.48020935058594,0.0012238170864251803,9.0,0.0001972818939061815,4544.63720703125,0.00305613821521491,249,Anonymous V
V127,43.34721755981445,0.0012200738287837993,169.0,0.003704515563349408,1547.50390625,0.001040652006010049,250,Anonymous V
id_19,43.30757141113281,0.0012189579272071458,456.0,0.009995615957913196,2523.96142578125,0.0016972916903299359,251,Identity
V8,43.21382522583008,0.0012163192972402198,4.0,8.768084173608067e-05,4942.5576171875,0.0033237282816367167,252,Anonymous V
V105,43.153175354003906,0.0012146122137063784,16.0,0.0003507233669443227,462.8669128417969,0.00031126472729347556,253,Anonymous V
TransactionHour,43.017372131347656,0.0012107898240086138,1145.0,0.02509864094695309,2963.54443359375,0.0019928986591010423,254,Transaction
V276,42.698726654052734,0.001201821059012997,25.0,0.0005480052608505041,2297.676025390625,0.0015451212467554635,255,Anonymous V
id_28_Found,42.48870849609375,0.001195909776293603,19.0,0.00041648399824638317,368.6161804199219,0.0002478838121522537,256,Identity
addr2,42.44443130493164,0.0011946635269334358,19.0,0.00041648399824638317,6162.04296875,0.0041437972147605395,257,Address / distance
V338,41.977718353271484,0.0011815271760917871,6.0,0.000131521262604121,503.0211486816406,0.0003382672995698801,258,Anonymous V
V234,41.84735870361328,0.0011778580040934248,62.0,0.0013590530469092504,2681.35302734375,0.0018031330295560544,259,Anonymous V
V211,41.80386734008789,0.001176633873055666,15.0,0.0003288031565103025,351.5480041503906,0.00023640595299979263,260,Anonymous V
V134,41.64132308959961,0.0011720588161730327,22.0,0.00048224462954844365,453.2137756347656,0.0003047732693021802,261,Anonymous V
V210,41.2256965637207,0.001160360371028925,10.0,0.00021920210434020167,744.6221313476562,0.0005007370330871606,262,Anonymous V
V170,40.75473403930664,0.0011471044094534756,11.0,0.00024112231477422182,5756.31201171875,0.0038709547795138933,263,Anonymous V
id_13,40.75330352783203,0.0011470641455170526,169.0,0.003704515563349408,4860.72998046875,0.0032687015421535323,264,Identity
V17,40.72706985473633,0.0011463257586083017,6.0,0.000131521262604121,501.8188781738281,0.000337458807125584,265,Anonymous V
V100,40.614803314208984,0.0011431658448778183,7.0,0.00015344147303814117,139.2371063232422,9.363296171409353e-05,266,Anonymous V
V213,40.52040481567383,0.0011405088545558837,26.0,0.0005699254712845243,485.1861877441406,0.0003262737997139115,267,Anonymous V
D9,40.171016693115234,0.0011306747907239103,194.0,0.004252520824199912,1269.8687744140625,0.0008539503403683356,268,Time delta (D)
V190,39.93592834472656,0.00112405786909739,9.0,0.0001972818939061815,131.12918090820312,8.818061434769072e-05,269,Anonymous V
V214,38.85185241699219,0.0010935448917415052,16.0,0.0003507233669443227,4385.1982421875,0.002948920082885356,270,Anonymous V
D14,38.74209213256836,0.001090455520427635,53.0,0.0011617711530030688,3002.317138671875,0.0020189721915522545,271,Time delta (D)
V243,38.65449523925781,0.0010879899717020798,17.0,0.0003726435773783428,3519.14208984375,0.0023665221525060653,272,Anonymous V
V298,38.61888122558594,0.0010869875607408908,16.0,0.0003507233669443227,275.86431884765625,0.0001855108446808867,273,Anonymous V
V104,38.463680267333984,0.0010826191920652293,7.0,0.00015344147303814117,6493.39404296875,0.004366621311479569,274,Anonymous V
V142,38.154762268066406,0.0010739242218372894,4.0,8.768084173608067e-05,10307.609375,0.006931571758843007,275,Anonymous V
V132,37.819854736328125,0.0010644977364124147,28.0,0.0006137658921525647,1736.418212890625,0.001167691460563648,276,Anonymous V
V31,37.707183837890625,0.0010613264414092358,6.0,0.000131521262604121,143.75633239746094,9.6672011671095e-05,277,Anonymous V
V79,37.7071533203125,0.0010613255824452588,10.0,0.00021920210434020167,267.7182922363281,0.00018003287535243943,278,Anonymous V
V219,37.61652374267578,0.0010587746741744866,15.0,0.0003288031565103025,862.4368286132812,0.0005799640389459313,279,Anonymous V
V306,37.01529312133789,0.0010418521174926057,94.0,0.0020604997807978954,1015.5560913085938,0.0006829323527828817,280,Anonymous V
V302,36.818214416503906,0.0010363050354994707,20.0,0.00043840420868040335,266.778076171875,0.00017940060700752324,281,Anonymous V
V255,36.79038619995117,0.0010355217677229204,6.0,0.000131521262604121,11436.1494140625,0.007690482576948122,282,Anonymous V
V146,36.664146423339844,0.0010319685558614563,5.0,0.00010960105217010084,5363.77392578125,0.003606984171804027,283,Anonymous V
V250,36.03660583496094,0.0010143054648608823,4.0,8.768084173608067e-05,23232.345703125,0.015623086353857773,284,Anonymous V
V274,35.78693389892578,0.0010072780658238404,35.0,0.0007672073651907058,1200.4803466796875,0.0008072886122628201,285,Anonymous V
V216,35.5881462097168,0.001001682881847992,13.0,0.00028496273564226215,251.19467163085938,0.0001689212142702398,286,Anonymous V
V257,35.10940170288086,0.0009882078844584011,13.0,0.00028496273564226215,887.458251953125,0.0005967902287129952,287,Anonymous V
V157,34.99284744262695,0.0009849272862891456,7.0,0.00015344147303814117,279.7069091796875,0.00018809487650216545,288,Anonymous V
V221,34.957271575927734,0.0009839259490329278,58.0,0.0012713722051731697,1387.7933349609375,0.0009332512261336823,289,Anonymous V
V147,34.87329864501953,0.0009815624022796443,15.0,0.0003288031565103025,426.0753173828125,0.0002865234342575942,290,Anonymous V
V331,34.80552291870117,0.0009796547506571674,14.0,0.00030688294607628233,967.3532104492188,0.000650517297506331,291,Anonymous V
V217,34.57444763183594,0.0009731507827936257,16.0,0.0003507233669443227,286.22357177734375,0.00019247714524950265,292,Anonymous V
V95,34.206153869628906,0.0009627845907778851,19.0,0.00041648399824638317,424.7650451660156,0.0002856423137606947,293,Anonymous V
V39,33.953086853027344,0.0009556616319983993,21.0,0.0004603244191144235,232.6220703125,0.00015643167240820253,294,Anonymous V
V268,33.20732498168945,0.0009346710219213245,18.0,0.000394563787812363,1628.5670166015625,0.0010951646234322497,295,Anonymous V
V204,32.967315673828125,0.0009279155923535087,50.0,0.0010960105217010083,161.13063049316406,0.00010835572897435142,296,Anonymous V
id_29_Found,32.93552780151367,0.0009270208740009392,5.0,0.00010960105217010084,338.2055358886719,0.000227433525656892,297,Identity
V277,32.83636474609375,0.0009242297779280912,33.0,0.0007233669443226654,256.2405700683594,0.00017231443629048783,298,Anonymous V
V334,32.80339813232422,0.0009233018820919092,1.0,2.1920210434020168e-05,181.12820434570312,0.0001218035240079731,299,Anonymous V
V202,32.529571533203125,0.0009155946130670517,41.0,0.0008987286277948269,310.5826721191406,0.0002088579417908949,300,Anonymous V
V218,31.33926010131836,0.0008820914747366432,21.0,0.0004603244191144235,249.23072814941406,0.00016760051859031157,301,Anonymous V
V270,30.71060562133789,0.0008643970315509076,33.0,0.0007233669443226654,1378.551513671875,0.0009270363663037287,302,Anonymous V
V178,30.156829833984375,0.0008488101638533017,22.0,0.00048224462954844365,487.8179016113281,0.00032804355183154566,303,Anonymous V
V327,29.24262237548828,0.0008230783947345364,3.0,6.57606313020605e-05,9547.9287109375,0.00642070829427223,304,Anonymous V
V273,29.229408264160156,0.0008227064633324842,21.0,0.0004603244191144235,86.90060424804688,5.843816469152474e-05,305,Anonymous V
V171,29.227102279663086,0.0008226415578669702,13.0,0.00028496273564226215,3563.10107421875,0.002396083309080372,306,Anonymous V
V238,28.531469345092773,0.0008030619034926574,10.0,0.00021920210434020167,198.1151580810547,0.00013322676333505864,307,Anonymous V
V263,28.396684646606445,0.0007992681817176262,39.0,0.0008548882069267865,222.428955078125,0.00014957709467608644,308,Anonymous V
V233,27.397476196289062,0.0007711439294966014,6.0,0.000131521262604121,9441.9912109375,0.006349468363024599,309,Anonymous V
V98,27.179603576660156,0.0007650115709236205,3.0,6.57606313020605e-05,40.57452392578125,2.728520396345008e-05,310,Anonymous V
V103,26.99652862548828,0.0007598586460254432,3.0,6.57606313020605e-05,99.52484130859375,6.692760214518513e-05,311,Anonymous V
V235,26.774744033813477,0.0007536161790076574,5.0,0.00010960105217010084,2218.88720703125,0.00149213802548817,312,Anonymous V
V232,26.19554901123047,0.0007373138480024376,19.0,0.00041648399824638317,140.7716064453125,9.466486904809491e-05,313,Anonymous V
V264,25.29447364807129,0.0007119517018200362,74.0,0.0016220955721174923,223.42599487304688,0.0001502475753504594,314,Anonymous V
id_16_Found,25.059589385986328,0.000705340524515112,29.0,0.0006356861025865848,325.05194091796875,0.0002185881101867132,315,Identity
V101,24.5653133392334,0.0006914283681464634,6.0,0.000131521262604121,69.07218170166016,4.644906171610721e-05,316,Anonymous V
V153,24.491342544555664,0.0006893463468366502,13.0,0.00028496273564226215,14650.6298828125,0.009852128524706008,317,Anonymous V
V265,24.232282638549805,0.0006820547090061759,41.0,0.0008987286277948269,248.7550048828125,0.0001672806083337396,318,Anonymous V
V330,23.743417739868164,0.0006682948576877038,10.0,0.00021920210434020167,469.70196533203125,0.0003158611041145091,319,Anonymous V
V167,23.23770523071289,0.0006540608045686648,10.0,0.00021920210434020167,1690.7523193359375,0.001136982456507506,320,Anonymous V
V239,21.876079559326172,0.0006157357645827253,4.0,8.768084173608067e-05,121.80123901367188,8.190784087986018e-05,321,Anonymous V
V183,20.88729476928711,0.0005879049022451035,4.0,8.768084173608067e-05,65.39002990722656,4.3972920211174694e-05,322,Anonymous V
V168,19.796730041503906,0.0005572092876736036,19.0,0.00041648399824638317,198.3074188232422,0.00013335605317156654,323,Anonymous V
V284,19.52967071533203,0.0005496924939106515,6.0,0.000131521262604121,231.6732177734375,0.00015579359628174164,324,Anonymous V
V186,19.48404312133789,0.0005484082353945009,4.0,8.768084173608067e-05,135.9669189453125,9.143385446717362e-05,325,Anonymous V
V200,19.167377471923828,0.0005394951956868935,9.0,0.0001972818939061815,79.86559295654297,5.37073213099739e-05,326,Anonymous V
V228,18.961925506591797,0.0005337124354525621,8.0,0.00017536168347216134,160.75588989257812,0.0001081037266652405,327,Anonymous V
V21,18.176084518432617,0.0005115937372474098,3.0,6.57606313020605e-05,259.9112548828125,0.00017478286658017148,328,Anonymous V
V196,16.955371856689453,0.00047723490974013803,6.0,0.000131521262604121,148.74069213867188,0.00010002385068256237,329,Anonymous V
V236,16.58506202697754,0.0004668119724166651,2.0,4.3840420868040336e-05,67.7027587890625,4.552816407228527e-05,330,Anonymous V
V181,12.511895179748535,0.0003521664530424061,3.0,6.57606313020605e-05,123.0610122680664,8.275500227248007e-05,331,Anonymous V
V179,8.997007369995117,0.00025323455223761287,7.0,0.00015344147303814117,290.4009094238281,0.00019528628504167904,332,Anonymous V
V337,7.8374481201171875,0.00022059698116980357,1.0,2.1920210434020168e-05,168.80638122558594,0.00011351745125826112,333,Anonymous V
V328,7.388689041137695,0.00020796596957288886,1.0,2.1920210434020168e-05,48.208099365234375,3.241856457211312e-05,334,Anonymous V
V174,3.630946159362793,0.00010219854080942207,4.0,8.768084173608067e-05,142.47244262695312,9.580863261287188e-05,335,Anonymous V
V114,3.141551971435547,8.842379183447333e-05,1.0,2.1920210434020168e-05,36.977264404296875,2.4866150077994688e-05,336,Anonymous V
card6_debit or credit,0.0,0.0,0.0,0.0,0.0,0.0,337,Card
DeviceType_desktop,0.0,0.0,0.0,0.0,0.0,0.0,338,Device
id_38_T,0.0,0.0,0.0,0.0,0.0,0.0,339,Identity
TransactionAmt_Log,0.0,0.0,0.0,0.0,0.0,0.0,340,Engineered / other
id_37_T,0.0,0.0,0.0,0.0,0.0,0.0,341,Identity
id_36_T,0.0,0.0,0.0,0.0,0.0,0.0,342,Identity
V325,0.0,0.0,0.0,0.0,0.0,0.0,343,Anonymous V
id_35_T,0.0,0.0,0.0,0.0,0.0,0.0,344,Identity
V237,0.0,0.0,0.0,0.0,0.0,0.0,345,Anonymous V
card6_charge card,0.0,0.0,0.0,0.0,0.0,0.0,346,Card
M9_T,0.0,0.0,0.0,0.0,0.0,0.0,347,Match flag (M)
M8_T,0.0,0.0,0.0,0.0,0.0,0.0,348,Match flag (M)
id_34_match_status:-1,0.0,0.0,0.0,0.0,0.0,0.0,349,Identity
id_29_NotFound,0.0,0.0,0.0,0.0,0.0,0.0,350,Identity
M2_T,0.0,0.0,0.0,0.0,0.0,0.0,351,Match flag (M)
id_28_New,0.0,0.0,0.0,0.0,0.0,0.0,352,Identity
M3_T,0.0,0.0,0.0,0.0,0.0,0.0,353,Match flag (M)
id_16_NotFound,0.0,0.0,0.0,0.0,0.0,0.0,354,Identity
M5_T,0.0,0.0,0.0,0.0,0.0,0.0,355,Match flag (M)
M6_T,0.0,0.0,0.0,0.0,0.0,0.0,356,Match flag (M)
M7_T,0.0,0.0,0.0,0.0,0.0,0.0,357,Match flag (M)
id_12_NotFound,0.0,0.0,0.0,0.0,0.0,0.0,358,Identity
DeviceType_mobile,0.0,0.0,0.0,0.0,0.0,0.0,359,Device
